{
  "urls": [
    "soundEffectSimpson.webm",
    "soundEffectSimpson.mp3"
  ],
  "sprite": {
    "doh": [
      0,
      705.3061224489796
    ],
    "Ouh_Pinaise": [
      2000,
      1018.7755102040815
    ],
    "woohoo": [
      5000,
      626.9387755102046
    ]
  }
}