{
  "urls": [
    "soundsSouthPark.webm",
    "soundsSouthPark.mp3"
  ],
  "sprite": {
    "applause": [
      0,
      2220.408163265306
    ],
    "ca_craint": [
      4000,
      783.6734693877547
    ],
    "ouais": [
      6000,
      757.5510204081635
    ],
    "South_park_theme": [
      8000,
      28421.224489795917
    ]
  }
}